name,photo_url
Riley Tiernan,https://images.nwslsoccer.com/image/private/t_w_120/prd/assets/widgets/players/10da6024c1af4c84bf37b25a641f0866
Maiara Carolina Niehues,https://images.nwslsoccer.com/image/private/t_w_120/prd/assets/widgets/players/13fe7126ee1343a1b20b3c118c2df756
Rajanah Reed,https://images.nwslsoccer.com/image/private/t_w_120/prd/assets/widgets/players/fallbacklogo.svg
Savy King,https://images.nwslsoccer.com/image/private/t_w_120/prd/assets/widgets/players/3803e24414b54df58dfb21fd3304ef62
Faith Nguyen,https://images.nwslsoccer.com/image/private/t_w_120/prd/assets/widgets/players/3bc0fbb6e9c548dca58f71d4b8a63665
Evelyn Shores,https://images.nwslsoccer.com/image/private/t_w_120/prd/assets/widgets/players/3fb7c0ab25ef4b3db335ad6f5afe4e10
Sarah Gorden,https://images.nwslsoccer.com/image/private/t_w_120/prd/assets/widgets/players/4314e1fbd3924a09a365af62abcdb3b4
Prisca Chilufya,https://images.nwslsoccer.com/image/private/t_w_120/prd/assets/widgets/players/44789b184b6840b7b707d62b996ad090
Sveindís Jónsdóttir,https://images.nwslsoccer.com/image/private/t_w_120/prd/assets/widgets/players/505cd006e0f24c0b8f03372edd6e033d
Hina Sugita,https://images.nwslsoccer.com/image/private/t_w_120/prd/assets/widgets/players/63930b6af7c94ec3bd5980802a154971
Casey Phair,https://images.nwslsoccer.com/image/private/t_w_120/prd/assets/widgets/players/6c46721d5109405395df45ddfd680316
Hannah Seabert,https://images.nwslsoccer.com/image/private/t_w_120/prd/assets/widgets/players/7fa746d5fcc64e3b827c740fb881e157
Jun Endo,https://images.nwslsoccer.com/image/private/t_w_120/prd/assets/widgets/players/8be53181b9fd46c4957f8cd6975a49f9
Sydney Leroux,https://images.nwslsoccer.com/image/private/t_w_120/prd/assets/widgets/players/8e0a1b9a4d43469b86adca8d94f57496
Ariadina Alves Borges,https://images.nwslsoccer.com/image/private/t_w_120/prd/assets/widgets/players/8f646310f20a489f84c92d5c4b831d1b
Sophia Mattice,https://images.nwslsoccer.com/image/private/t_w_120/prd/assets/widgets/players/c24469a7791a4b01afa7570b75bc4fa9
Taylor Suarez,https://images.nwslsoccer.com/image/private/t_w_120/prd/assets/widgets/players/cbb95e0c05e942a7a4f2f0907da9d2fc
Kennedy Fuller,https://images.nwslsoccer.com/image/private/t_w_120/prd/assets/widgets/players/d05274ce6faa42d48bec0325f29568e2
Karsyn Cherry,https://images.nwslsoccer.com/image/private/t_w_120/prd/assets/widgets/players/ddb5b884acb246c9879102de84c0d868
Angelina Anderson,https://images.nwslsoccer.com/image/private/t_w_120/prd/assets/widgets/players/e4c0dd7de1294525a9f1635b7e210792
Carina Lageyre,https://images.nwslsoccer.com/image/private/t_w_120/prd/assets/widgets/players/eefb8531af1342a496d4e65ba1257e37
Gisele Thompson,https://images.nwslsoccer.com/image/private/t_w_120/prd/assets/widgets/players/f737dfd0124341ddbdefdab7739f056f
Claire Emslie,https://images.nwslsoccer.com/image/private/t_w_120/prd/assets/widgets/players/fd08719793c4487c82b7d3aceba2ad0f
Nealy Martin,https://images.nwslsoccer.com/image/private/t_w_120/prd/assets/widgets/players/fdc322f486b94e3a9043aee47c3daf93
Emily Sams,https://images.nwslsoccer.com/image/private/t_w_120/prd/assets/widgets/players/ff16e70c73b943e38662bc6d895edb92
Alyssa Malonson,https://images.nwslsoccer.com/image/private/t_w_120/prd/assets/widgets/players/0647eef6fb274236a6776c40e84d6eb3
Racheal Kundananji,https://images.nwslsoccer.com/image/private/t_w_120/prd/assets/widgets/players/06897a454ecd4389a815a64dfb95ba2d
Heather Gilchrist,https://images.nwslsoccer.com/image/private/t_w_120/prd/assets/widgets/players/14d51f851eb543098599ef6686e97609
Abby Dahlkemper,https://images.nwslsoccer.com/image/private/t_w_120/prd/assets/widgets/players/1a484328c45c46be9c0591b43aa838a9
Aldana Cometti,https://images.nwslsoccer.com/image/private/t_w_120/prd/assets/widgets/players/fallbacklogo.svg
Caprice Dydasco,https://images.nwslsoccer.com/image/private/t_w_120/prd/assets/widgets/players/259bb40fadfb464c8402cc186f30b85d
Hannah Bebar,https://images.nwslsoccer.com/image/private/t_w_120/prd/assets/widgets/players/300fc21c88214cf191d546d1cf81d8ec
Cristiana Girelli,https://images.nwslsoccer.com/image/private/t_w_120/prd/assets/widgets/players/fallbacklogo.svg
Jamie Shepherd,https://images.nwslsoccer.com/image/private/t_w_120/prd/assets/widgets/players/31cb57cb8de1443d99cb20793354f1fe
Jordan Silkowitz,https://images.nwslsoccer.com/image/private/t_w_120/prd/assets/widgets/players/3a05f90ee4774e9e9cc460fef290f3c4
Sydney Collins,https://images.nwslsoccer.com/image/private/t_w_120/prd/assets/widgets/players/4ad3b3ad9d90407181d76c98bb47e17a
Maddie Moreau,https://images.nwslsoccer.com/image/private/t_w_120/prd/assets/widgets/players/4b281c71242c4738abb687a332286be0
Claire Hutton,https://images.nwslsoccer.com/image/private/t_w_120/prd/assets/widgets/players/51d52da9f6724e00a97ec29e7fe459dc
Emily Menges,https://images.nwslsoccer.com/image/private/t_w_120/prd/assets/widgets/players/77bd41e2c3954f40bc52b5efe805f890
Jordan Brewster,https://images.nwslsoccer.com/image/private/t_w_120/prd/assets/widgets/players/7faa87293bb743178194507021b7f326
Emmie Allen,https://images.nwslsoccer.com/image/private/t_w_120/prd/assets/widgets/players/963846c568d34a539e360dcd93046ebd
Tess Boade,https://images.nwslsoccer.com/image/private/t_w_120/prd/assets/widgets/players/ad338528a3ad42769bc70668109da114
Camryn Miller,https://images.nwslsoccer.com/image/private/t_w_120/prd/assets/widgets/players/fallbacklogo.svg
Onyeka Gamero,https://images.nwslsoccer.com/image/private/t_w_120/prd/assets/widgets/players/b66f7bcff55c49fcbadd2bd156e62c4f
Karlie Lema,https://images.nwslsoccer.com/image/private/t_w_120/prd/assets/widgets/players/c9e1f316ddb24fa680b4806d95e707c6
Brooklyn Courtnall,https://images.nwslsoccer.com/image/private/t_w_120/prd/assets/widgets/players/cee456c338e246a08218cf350ed0ba50
Keira Barry,https://images.nwslsoccer.com/image/private/t_w_120/prd/assets/widgets/players/dcc2564e748442b7a956fa4f8056ba87
Joelle Anderson,https://images.nwslsoccer.com/image/private/t_w_120/prd/assets/widgets/players/dd0a7a6f7ee5446e9ef8c0a20ed56e97
Anouk Denton,https://images.nwslsoccer.com/image/private/t_w_120/prd/assets/widgets/players/dead86b2fe8a4adc8ff4fb12d9111944
Alex Pfeiffer,https://images.nwslsoccer.com/image/private/t_w_120/prd/assets/widgets/players/e430381cd0da42f193b7801fc9f23009
Kelli Hubly,https://images.nwslsoccer.com/image/private/t_w_120/prd/assets/widgets/players/f9aafcad554041328a5420822e10d5a0
Dorian Bailey,https://images.nwslsoccer.com/image/private/t_w_120/prd/assets/widgets/players/fa5ea5a9ad7d4694b932641bbe257de1
Caroline Conti,https://images.nwslsoccer.com/image/private/t_w_120/prd/assets/widgets/players/fc271855025e4ff3a5bb2ff67c569709
Taylor Huff,https://images.nwslsoccer.com/image/private/t_w_120/prd/assets/widgets/players/fe7346f5616c46bb935320ed272de297
Jordan Nytes,https://images.nwslsoccer.com/image/private/t_w_120/prd/assets/widgets/players/01adaea2f8c14226a374de5a95b3273f
Ayo Oke,https://images.nwslsoccer.com/image/private/t_w_120/prd/assets/widgets/players/12f3080c7af74e8bb619ae361ba8593f
Nahikari García,https://images.nwslsoccer.com/image/private/t_w_120/prd/assets/widgets/players/1c53066f5b8247788639a789bad43d1f
Natalie Means,https://images.nwslsoccer.com/image/private/t_w_120/prd/assets/widgets/players/21b9db4547da430eb454d860966a8865
Ally Brazier,https://images.nwslsoccer.com/image/private/t_w_120/prd/assets/widgets/players/291911cc9bee4a458a8ae94f9b2a9c97
Janine Sonis,https://images.nwslsoccer.com/image/private/t_w_120/prd/assets/widgets/players/41bc212c8b704218a9bdd418e016cfe3
Camryn Biegalski,https://images.nwslsoccer.com/image/private/t_w_120/prd/assets/widgets/players/48fbfdd7f8004d3cb8bd7ef56db89b4c
Emma Regan,https://images.nwslsoccer.com/image/private/t_w_120/prd/assets/widgets/players/5c44cea6a05540639a949344419fa194
Lourdes Bosch,https://images.nwslsoccer.com/image/private/t_w_120/prd/assets/widgets/players/5fb4bbfd291143ebb531a00cb56cc9a5
Devin Lynch,https://images.nwslsoccer.com/image/private/t_w_120/prd/assets/widgets/players/6dbc458562f2406cb714ae051cf4d8c2
Carson Pickett,https://images.nwslsoccer.com/image/private/t_w_120/prd/assets/widgets/players/6f1a3b3b9e0447f0aaffa25a360d29ee
Kaleigh Kurtz,https://images.nwslsoccer.com/image/private/t_w_120/prd/assets/widgets/players/85399e003cd149ec991da7c3853143ad
Eva Gaetino,https://images.nwslsoccer.com/image/private/t_w_120/prd/assets/widgets/players/8860c67ac5c4405784acd0fccddc6ace
Meg Boade,https://images.nwslsoccer.com/image/private/t_w_120/prd/assets/widgets/players/8b9f8e68542640ecb93089255329acdb
Jasmine Aikey,https://images.nwslsoccer.com/image/private/t_w_120/prd/assets/widgets/players/97c6c3ae31c54d7c816afc2abb9bb8e0
Pauline Peyraud-Magnin,https://images.nwslsoccer.com/image/private/t_w_120/prd/assets/widgets/players/fallbacklogo.svg
Natasha Flint,https://images.nwslsoccer.com/image/private/t_w_120/prd/assets/widgets/players/a781ef1be91e49abb66b45cbd140e7c4
Megan Reid,https://images.nwslsoccer.com/image/private/t_w_120/prd/assets/widgets/players/bb2e756c53984f5ebf78cd343ec20b70
Abby Smith,https://images.nwslsoccer.com/image/private/t_w_120/prd/assets/widgets/players/c0076f9d59514192ab6a1107bfc8493a
Jordan Baggett,https://images.nwslsoccer.com/image/private/t_w_120/prd/assets/widgets/players/c8f867ab54e845239e4bf43547443cdc
Yazmeen Ryan,https://images.nwslsoccer.com/image/private/t_w_120/prd/assets/widgets/players/d814c62705514d3ab343c0798bb924ba
Olivia Thomas,https://images.nwslsoccer.com/image/private/t_w_120/prd/assets/widgets/players/eaa1ecbb20954389b35a972c41743b42
Delanie Sheehan,https://images.nwslsoccer.com/image/private/t_w_120/prd/assets/widgets/players/ec556416f45b48879e56409269f13dcb
Melissa Kössler,https://images.nwslsoccer.com/image/private/t_w_120/prd/assets/widgets/players/fallbacklogo.svg
Yuna McCormack,https://images.nwslsoccer.com/image/private/t_w_120/prd/assets/widgets/players/fc45d1c634f14b6e8e5ae61b7f34f421
Bianca St-Georges,https://images.nwslsoccer.com/image/private/t_w_120/prd/assets/widgets/players/0d2b0629ed6b43b8ae5e01f2d88fa515
Chloe Ricketts,https://images.nwslsoccer.com/image/private/t_w_120/prd/assets/widgets/players/15908c182dd94c57ae45736055f42e68
Laurel Ansbrow,https://images.nwslsoccer.com/image/private/t_w_120/prd/assets/widgets/players/16b5740bf4ff4fe1ae57b082ef35b27a
Hannah Stambaugh,https://images.nwslsoccer.com/image/private/t_w_120/prd/assets/widgets/players/2dd5ec59c3f2437889edf68c10fad31e
Alba Caño,https://images.nwslsoccer.com/image/private/t_w_120/prd/assets/widgets/players/38925931e59c4bb6ac8e7965e81ab06d
Laurel Ivory,https://images.nwslsoccer.com/image/private/t_w_120/prd/assets/widgets/players/3f534dc858514b2580d31c23e0241f37
Aïssata Traoré,https://images.nwslsoccer.com/image/private/t_w_120/prd/assets/widgets/players/463e97cd35e944de9f49f54da30fd8c7
Casey Murphy,https://images.nwslsoccer.com/image/private/t_w_120/prd/assets/widgets/players/572ca1acdb37419a843dafa8e828be66
Jorelyn Carabalí,https://images.nwslsoccer.com/image/private/t_w_120/prd/assets/widgets/players/5b3b23196eed4d9f900e4f3ab4d7113d
Annie Karich,https://images.nwslsoccer.com/image/private/t_w_120/prd/assets/widgets/players/fallbacklogo.svg
Amanda Gutierres dos Santos,https://images.nwslsoccer.com/image/private/t_w_120/prd/assets/widgets/players/7afe6ac6ae40499b833a0d383c0f47b1
Sammy Smith,https://images.nwslsoccer.com/image/private/t_w_120/prd/assets/widgets/players/80072c037c734d7eb4b7401b29bd575d
Amanda Allen,https://images.nwslsoccer.com/image/private/t_w_120/prd/assets/widgets/players/a0afe0dd22bc4b4eb895446288d523c8
Fauzia Najjemba,https://images.nwslsoccer.com/image/private/t_w_120/prd/assets/widgets/players/a1cb8dfb75ce4a89bdfe350de18b0410
Nichelle Prince,https://images.nwslsoccer.com/image/private/t_w_120/prd/assets/widgets/players/a58cdc45fc0448a28cbd965d9601aaf7
Andressa Karolaine Freire Gomes Ferreira,https://images.nwslsoccer.com/image/private/t_w_120/prd/assets/widgets/players/c35a5a4c76924bb9a960c3c64dcc8f02
Emerson Elgin,https://images.nwslsoccer.com/image/private/t_w_120/prd/assets/widgets/players/c8daea44150e40579e2c46716e16246e
Laís dos Santos Araújo,https://images.nwslsoccer.com/image/private/t_w_120/prd/assets/widgets/players/d0996c9d85fe48cfad90d75fbc26be45
Nicolette Hernández,https://images.nwslsoccer.com/image/private/t_w_120/prd/assets/widgets/players/fallbacklogo.svg
Josefine Hasbo,https://images.nwslsoccer.com/image/private/t_w_120/prd/assets/widgets/players/d554da063af949d9b11787c4c83bf7fc
Sophia Lowenberg,https://images.nwslsoccer.com/image/private/t_w_120/prd/assets/widgets/players/dc141c8f287a4bb48a803a250ba1fe3a
Aleigh Gambone,https://images.nwslsoccer.com/image/private/t_w_120/prd/assets/widgets/players/e9e4589be89b4dc4a5da3df021cffc4b
Ella Stevens,https://images.nwslsoccer.com/image/private/t_w_120/prd/assets/widgets/players/f0b65e91132d452792a90bd80e377f0f
Barbara Olivieri,https://images.nwslsoccer.com/image/private/t_w_120/prd/assets/widgets/players/fbe120b3952b43e4a95a632f285ffe38
Andrea Kitahata,https://images.nwslsoccer.com/image/private/t_w_120/prd/assets/widgets/players/091dffd7d5f244b291109607df38fbe0
Savannah McCaskill,https://images.nwslsoccer.com/image/private/t_w_120/prd/assets/widgets/players/169fa964031141e98831884983375011
Sofia Cook,https://images.nwslsoccer.com/image/private/t_w_120/prd/assets/widgets/players/1ead938145124f4bb3f98cc655a262b8
Emily Sonnett,https://images.nwslsoccer.com/image/private/t_w_120/prd/assets/widgets/players/266288af33ed4b378e529b0cb8957ecf
Kayla Duran,https://images.nwslsoccer.com/image/private/t_w_120/prd/assets/widgets/players/328fcb7c689147afb61f408326d6d1bf
Midge Purce,https://images.nwslsoccer.com/image/private/t_w_120/prd/assets/widgets/players/39fe0dbc3b0a49c0a46d405d30b7141d
Talia Sommer,https://images.nwslsoccer.com/image/private/t_w_120/prd/assets/widgets/players/412a04808d4b426f98c57acfa8b7a049
Jess Carter,https://images.nwslsoccer.com/image/private/t_w_120/prd/assets/widgets/players/68b02adc0cac4f9280733b42cd06ddc2
Khyah Harper,https://images.nwslsoccer.com/image/private/t_w_120/prd/assets/widgets/players/88284f038be14a6d8b643df2bc4c7d6d
Bruna Santos Nhaia,https://images.nwslsoccer.com/image/private/t_w_120/prd/assets/widgets/players/891ad63d168c42aebeaeaa7359ec1fb5
Lilly Reale,https://images.nwslsoccer.com/image/private/t_w_120/prd/assets/widgets/players/8c0148936e98403ca045b722790deea0
Jaelin Howell,https://images.nwslsoccer.com/image/private/t_w_120/prd/assets/widgets/players/95d2c552a83342bc947134ce8db57d56
Ryan Campbell,https://images.nwslsoccer.com/image/private/t_w_120/prd/assets/widgets/players/98465b941a5d4e2aaa2a013813ed82a5
Mak Whitham,https://images.nwslsoccer.com/image/private/t_w_120/prd/assets/widgets/players/a0b3cc966c05471caea2fced8abdb5cc
Jordynn Dudley,https://images.nwslsoccer.com/image/private/t_w_120/prd/assets/widgets/players/aca2fdf863f449bda03f5f46f28ed9f4
Teagan Wy,https://images.nwslsoccer.com/image/private/t_w_120/prd/assets/widgets/players/b6a0694762f84a9fa3f5a476d0db9f87
Ann-Katrin Berger,https://images.nwslsoccer.com/image/private/t_w_120/prd/assets/widgets/players/b7b10520cd77421e97f225c988f93e57
Taryn Torres,https://images.nwslsoccer.com/image/private/t_w_120/prd/assets/widgets/players/ba1bdfe55b8646738100a1f9c8b69e0d
Rose Lavelle,https://images.nwslsoccer.com/image/private/t_w_120/prd/assets/widgets/players/d1485dcbe6f34e4c9ba927371173260d
Jaedyn Shaw,https://images.nwslsoccer.com/image/private/t_w_120/prd/assets/widgets/players/d34c603875494308b83fc6a75c948837
Sarah Schupansky,https://images.nwslsoccer.com/image/private/t_w_120/prd/assets/widgets/players/d73ddb615f3149cfb6432c6f82b21ac9
Esther González,https://images.nwslsoccer.com/image/private/t_w_120/prd/assets/widgets/players/d8f389524b654b238b386797cb3b1216
Tierna Davidson,https://images.nwslsoccer.com/image/private/t_w_120/prd/assets/widgets/players/d9bb4ddad5e34f7b89ab4608dc8277d1
Shelby Hogan,https://images.nwslsoccer.com/image/private/t_w_120/prd/assets/widgets/players/d9f63636eae141b9a9fccd6533df3a2b
Mandy Freeman,https://images.nwslsoccer.com/image/private/t_w_120/prd/assets/widgets/players/f1674817643d4409ae98e3f26ec72dc4
Katie Lampson,https://images.nwslsoccer.com/image/private/t_w_120/prd/assets/widgets/players/fed95d382879402f971b73910f1a8e2a
Uno Shiragaki,https://images.nwslsoccer.com/image/private/t_w_120/prd/assets/widgets/players/fallbacklogo.svg
Carly Wickenheiser,https://images.nwslsoccer.com/image/private/t_w_120/prd/assets/widgets/players/fallbacklogo.svg
Lauryn Thompson,https://images.nwslsoccer.com/image/private/t_w_120/prd/assets/widgets/players/22fe350a7bf44f1f8e008c44d92b45f9
Shinomi Koyama,https://images.nwslsoccer.com/image/private/t_w_120/prd/assets/widgets/players/23fbf942a9564991bb975594e94b02d7
Ivy Younce,https://images.nwslsoccer.com/image/private/t_w_120/prd/assets/widgets/players/fallbacklogo.svg
Natalia Staude,https://images.nwslsoccer.com/image/private/t_w_120/prd/assets/widgets/players/3d88359f24cc42609f3402ab4c856674
Dani Weatherholt,https://images.nwslsoccer.com/image/private/t_w_120/prd/assets/widgets/players/405bbcc7f91848b4a28e72f45ffb7d55
Maycee Bell,https://images.nwslsoccer.com/image/private/t_w_120/prd/assets/widgets/players/55bd66bfbc3240c7acf59ca32209868c
Sydney Schmidt,https://images.nwslsoccer.com/image/private/t_w_120/prd/assets/widgets/players/6a0f8138983847b9b9b165b4d961ba81
Olivia Wingate,https://images.nwslsoccer.com/image/private/t_w_120/prd/assets/widgets/players/75dd90b34f884be794d7d0a24f71d8d8
Madison White,https://images.nwslsoccer.com/image/private/t_w_120/prd/assets/widgets/players/76946e8d1a40476cb7874e813358910c
Kailen Sheridan,https://images.nwslsoccer.com/image/private/t_w_120/prd/assets/widgets/players/7a3d8828fb0941f88dd72a728f9f61e4
Ryan Williams,https://images.nwslsoccer.com/image/private/t_w_120/prd/assets/widgets/players/81f566b89fa04830b4b1657453e4f818
Molly Pritchard,https://images.nwslsoccer.com/image/private/t_w_120/prd/assets/widgets/players/86effc238dda42cf81a3890dc95f556e
Hannah Betfort,https://images.nwslsoccer.com/image/private/t_w_120/prd/assets/widgets/players/93ab29167bcd49b1a9d06e29f2cfb3c2
Natalie Jacobs,https://images.nwslsoccer.com/image/private/t_w_120/prd/assets/widgets/players/98dcb1c31ca44fd195fa3302144a6140
Cortnee Vine,https://images.nwslsoccer.com/image/private/t_w_120/prd/assets/widgets/players/a0b960ec400b4ad389c72e720e32e86d
Riley Jackson,https://images.nwslsoccer.com/image/private/t_w_120/prd/assets/widgets/players/b59aacbdbb734601810422f27dff5ddb
Payton Linnehan,https://images.nwslsoccer.com/image/private/t_w_120/prd/assets/widgets/players/b79c07308de84ca7967c474613f2fe20
Manaka Matsukubo,https://images.nwslsoccer.com/image/private/t_w_120/prd/assets/widgets/players/bb0103a05e5f49418ff33df52b8b71b9
Oli Peña,https://images.nwslsoccer.com/image/private/t_w_120/prd/assets/widgets/players/c096d058034e441cb84bcdaad2de8892
Feli Rauch,https://images.nwslsoccer.com/image/private/t_w_120/prd/assets/widgets/players/cb6caff04d61498b9fef4c71d0c3f1e1
Ally Schlegel,https://images.nwslsoccer.com/image/private/t_w_120/prd/assets/widgets/players/d24c806737e2498c980976b0695bfbe8
Cameron Brooks,https://images.nwslsoccer.com/image/private/t_w_120/prd/assets/widgets/players/db2f5b1eb5d542459bdcd2e603cb2949
Chioma Okafor,https://images.nwslsoccer.com/image/private/t_w_120/prd/assets/widgets/players/e878c5789b6a4af382182129004de27d
Ashley Sanchez,https://images.nwslsoccer.com/image/private/t_w_120/prd/assets/widgets/players/ed7ee4eca97044dd97750b29c3850769
Evelyn Ijeh,https://images.nwslsoccer.com/image/private/t_w_120/prd/assets/widgets/players/fallbacklogo.svg
Caiya Hanks,https://images.nwslsoccer.com/image/private/t_w_120/prd/assets/widgets/players/0e4a7272e4b34cc8977c9623a1a09bf1
Pietra Tordin,https://images.nwslsoccer.com/image/private/t_w_120/prd/assets/widgets/players/0faee2ad9e40492cbb9336bcbf79d651
Morgan Messner,https://images.nwslsoccer.com/image/private/t_w_120/prd/assets/widgets/players/16cdad396ff94e7e8174cb37ad24f4c1
Carolyn Calzada,https://images.nwslsoccer.com/image/private/t_w_120/prd/assets/widgets/players/1e26ef7b8de140f1bb2ee7bcefdcbfe7
Morgan Weaver,https://images.nwslsoccer.com/image/private/t_w_120/prd/assets/widgets/players/2257efccf0f246d7a3943fdf31185577
Shae Harvey,https://images.nwslsoccer.com/image/private/t_w_120/prd/assets/widgets/players/fallbacklogo.svg
Sophia Wilson,https://images.nwslsoccer.com/image/private/t_w_120/prd/assets/widgets/players/40a07c6e4fd74acd864ee7f812351843
Mimi Alidou,https://images.nwslsoccer.com/image/private/t_w_120/prd/assets/widgets/players/452e1e88a12648b18de7e60d6da83626
Mallie McKenzie,https://images.nwslsoccer.com/image/private/t_w_120/prd/assets/widgets/players/4829883bb4dc4fa48b63d43b720a4307
Erin McKinney,https://images.nwslsoccer.com/image/private/t_w_120/prd/assets/widgets/players/fallbacklogo.svg
Mackenzie Wood,https://images.nwslsoccer.com/image/private/t_w_120/prd/assets/widgets/players/73d2d58e884c4af09534e7a45194980d
Maddie Padelski,https://images.nwslsoccer.com/image/private/t_w_120/prd/assets/widgets/players/743907f6c95f40de9cac86cc0aeb2e5e
Marie Müller,https://images.nwslsoccer.com/image/private/t_w_120/prd/assets/widgets/players/7ff572896b4146d78ff5e10f1d8d65ab
Julie Dufour,https://images.nwslsoccer.com/image/private/t_w_120/prd/assets/widgets/players/81619aa8f0b94bbd8e20e7f665ae8f59
Bella Bixby,https://images.nwslsoccer.com/image/private/t_w_120/prd/assets/widgets/players/84b30914edbb45ddb082f69074fb818a
Jessie Fleming,https://images.nwslsoccer.com/image/private/t_w_120/prd/assets/widgets/players/8513285029bf40cb99fa4947006018a2
Cassandra Bogere,https://images.nwslsoccer.com/image/private/t_w_120/prd/assets/widgets/players/fallbacklogo.svg
Mackenzie Arnold,https://images.nwslsoccer.com/image/private/t_w_120/prd/assets/widgets/players/9ccd079f4b56432e8f21ede69aabddee
Sam Hiatt,https://images.nwslsoccer.com/image/private/t_w_120/prd/assets/widgets/players/aa256aeb38a8454589438798a521ae12
Isabella Obaze,https://images.nwslsoccer.com/image/private/t_w_120/prd/assets/widgets/players/ab5925e484b549b084e72c85df4de7df
Renee Lyles,https://images.nwslsoccer.com/image/private/t_w_120/prd/assets/widgets/players/fallbacklogo.svg
Jennie Immethun,https://images.nwslsoccer.com/image/private/t_w_120/prd/assets/widgets/players/fallbacklogo.svg
Reyna Reyes,https://images.nwslsoccer.com/image/private/t_w_120/prd/assets/widgets/players/b936d03963c947e7a137521ff4f578b3
Valerin Loboa,https://images.nwslsoccer.com/image/private/t_w_120/prd/assets/widgets/players/bdd7739110444a1d831efa276c9e6006
Jayden Perry,https://images.nwslsoccer.com/image/private/t_w_120/prd/assets/widgets/players/d2e295e660ac4110bb3ab9be9185c86d
Reilyn Turner,https://images.nwslsoccer.com/image/private/t_w_120/prd/assets/widgets/players/d512157412184783822bc2cf21db09bf
Alexa Spaanstra,https://images.nwslsoccer.com/image/private/t_w_120/prd/assets/widgets/players/d5c841dcdea54696979eda5b6d0fbdb6
Deyna Castellanos,https://images.nwslsoccer.com/image/private/t_w_120/prd/assets/widgets/players/dc5b62503b254bc7b911b31b48969494
Olivia Moultrie,https://images.nwslsoccer.com/image/private/t_w_120/prd/assets/widgets/players/e36d5228fd7541d394bb2df04fded14f
Daiane Limeira Santos Silva,https://images.nwslsoccer.com/image/private/t_w_120/prd/assets/widgets/players/e3a4b9a720014da8a851e9d8f3892aed
M.A. Vignola,https://images.nwslsoccer.com/image/private/t_w_120/prd/assets/widgets/players/efa33936147948539e131def3f2df42a
Taylor White,https://images.nwslsoccer.com/image/private/t_w_120/prd/assets/widgets/players/013bc7a18d344452bd3002c22b237f64
Macey Hodge,https://images.nwslsoccer.com/image/private/t_w_120/prd/assets/widgets/players/0953a675c64f45529f01d7a21eadc22a
Rachel Hill,https://images.nwslsoccer.com/image/private/t_w_120/prd/assets/widgets/players/0b39e888cd6f4316b0765895dcfdf2fb
Taylor Flint,https://images.nwslsoccer.com/image/private/t_w_120/prd/assets/widgets/players/133304d476e84b6cbc5409243d94af4a
Mirann Gacioch,https://images.nwslsoccer.com/image/private/t_w_120/prd/assets/widgets/players/1cc39af6408b4d09bbc5d355ca02cd61
Erynn Floyd,https://images.nwslsoccer.com/image/private/t_w_120/prd/assets/widgets/players/fallbacklogo.svg
Marisa DiGrande,https://images.nwslsoccer.com/image/private/t_w_120/prd/assets/widgets/players/23ce38b9dd0049b59a8ac2321fb8710f
Savannah DeMelo,https://images.nwslsoccer.com/image/private/t_w_120/prd/assets/widgets/players/246a5773039447a9aa48ead166b1f174
Maja Lardner,https://images.nwslsoccer.com/image/private/t_w_120/prd/assets/widgets/players/28ce5cac9ab94671b346c10e85b9d9b5
Lauren Milliet,https://images.nwslsoccer.com/image/private/t_w_120/prd/assets/widgets/players/2b1dd3812dc04c7c8f3cdd0b7bae1d4f
Macy Blackburn,https://images.nwslsoccer.com/image/private/t_w_120/prd/assets/widgets/players/3295626be24e453abe27e04c004ff97e
Cristina Roque,https://images.nwslsoccer.com/image/private/t_w_120/prd/assets/widgets/players/341dc1ea4fd04ccf89d8aac5f0479789
Ella Hase,https://images.nwslsoccer.com/image/private/t_w_120/prd/assets/widgets/players/355380d7c8ac4d0d817699ab64256714
Jordyn Bloomer,https://images.nwslsoccer.com/image/private/t_w_120/prd/assets/widgets/players/3b960ea4fb40463695905d6c8a07383e
Courtney Petersen,https://images.nwslsoccer.com/image/private/t_w_120/prd/assets/widgets/players/5c1e1c261d6a4a349b24573eaed3bf49
Olivia Sekany,https://images.nwslsoccer.com/image/private/t_w_120/prd/assets/widgets/players/76cb19f0876b4ae7b1bcd2cc804d8709
Kayla Fischer,https://images.nwslsoccer.com/image/private/t_w_120/prd/assets/widgets/players/80578bb876844892bf7fa6822bdb89b3
Audrey McKeen,https://images.nwslsoccer.com/image/private/t_w_120/prd/assets/widgets/players/81893f175a814e48bb103cda269cde2a
Sarah Weber,https://images.nwslsoccer.com/image/private/t_w_120/prd/assets/widgets/players/83ee7340956c431b81b2caa9373d9e29
Avery Ciorbu,https://images.nwslsoccer.com/image/private/t_w_120/prd/assets/widgets/players/86801cb3b86d435abd204659e3a42a0b
Makenna Morris,https://images.nwslsoccer.com/image/private/t_w_120/prd/assets/widgets/players/9c658c9bfac94ebaa87d167e59315ba9
Maddie Pokorny,https://images.nwslsoccer.com/image/private/t_w_120/prd/assets/widgets/players/9f1259fd8ae04a44832edee67142bc05
Maddie Prohaska,https://images.nwslsoccer.com/image/private/t_w_120/prd/assets/widgets/players/b197886583034c96945c5e1c418bbf5c
Quincy McMahon,https://images.nwslsoccer.com/image/private/t_w_120/prd/assets/widgets/players/c4119bcbf98641c2b822788600449a33
Natalie Mitchell,https://images.nwslsoccer.com/image/private/t_w_120/prd/assets/widgets/players/fallbacklogo.svg
Emma Sears,https://images.nwslsoccer.com/image/private/t_w_120/prd/assets/widgets/players/d47dced2a50a42ea85c8f0ce564a9746
Arin Wright,https://images.nwslsoccer.com/image/private/t_w_120/prd/assets/widgets/players/df60b4341c11492ab396c85a121dd302
Katie O'Kane,https://images.nwslsoccer.com/image/private/t_w_120/prd/assets/widgets/players/e036a5e038a341b2b45efc0d58587acf
Ellie Jean,https://images.nwslsoccer.com/image/private/t_w_120/prd/assets/widgets/players/f944dbf34fc14b0895cdfa68155404bb
Ivonne Chacón,https://images.nwslsoccer.com/image/private/t_w_120/prd/assets/widgets/players/03ef0251e6f546d09c0a41a5c52ce7b0
Sam Staab,https://images.nwslsoccer.com/image/private/t_w_120/prd/assets/widgets/players/09140d97bf314b7193afa990b5f36308
Nádia Filipa Gomes Coelho,https://images.nwslsoccer.com/image/private/t_w_120/prd/assets/widgets/players/0fd2f43637c941a58f9944a3f2649538
Manaka Hayashi,https://images.nwslsoccer.com/image/private/t_w_120/prd/assets/widgets/players/13f55375d4344a56ab4ae19e39d9342d
Taylor Wood,https://images.nwslsoccer.com/image/private/t_w_120/prd/assets/widgets/players/144dbd486f6847edb0164f392e656aac
Sam Cary Angel,https://images.nwslsoccer.com/image/private/t_w_120/prd/assets/widgets/players/23ad319baa72463cbb6e646de021b507
Elise Evans,https://images.nwslsoccer.com/image/private/t_w_120/prd/assets/widgets/players/241e9862359f42fc9434c287d7d231b0
Brianna Pinto,https://images.nwslsoccer.com/image/private/t_w_120/prd/assets/widgets/players/336dc7bf1e5642c1a7a4a9fd8973f2a9
Aaliyah Farmer,https://images.nwslsoccer.com/image/private/t_w_120/prd/assets/widgets/players/fallbacklogo.svg
Alyssa Naeher,https://images.nwslsoccer.com/image/private/t_w_120/prd/assets/widgets/players/57fe0d4b80e74d1fa6fc56aab0db25ad
Micayla Johnson,https://images.nwslsoccer.com/image/private/t_w_120/prd/assets/widgets/players/63da20737e074579b1383973fc24c6a1
Ryan Gareis,https://images.nwslsoccer.com/image/private/t_w_120/prd/assets/widgets/players/676004a629cb4668972a79f81ed48f2f
Jordyn Huitema,https://images.nwslsoccer.com/image/private/t_w_120/prd/assets/widgets/players/72af8c4018b84dad9a4148ff1f920398
Natalia Kuikka,https://images.nwslsoccer.com/image/private/t_w_120/prd/assets/widgets/players/78fe6058bc1049be9f905c1d7b109833
Katie Atkinson,https://images.nwslsoccer.com/image/private/t_w_120/prd/assets/widgets/players/7cf959e060cf44b9afda98c1b3c893d9
Bea Franklin,https://images.nwslsoccer.com/image/private/t_w_120/prd/assets/widgets/players/84e65c9b042d400492b5088a8f3d3c6a
Michelle Alozie,https://images.nwslsoccer.com/image/private/t_w_120/prd/assets/widgets/players/8772001989134074a48629a1110d6b62
Kathrin Hendrich,https://images.nwslsoccer.com/image/private/t_w_120/prd/assets/widgets/players/8e4ef1a9758b4eea8d00aa2fd5abc101
Halle Mackiewicz,https://images.nwslsoccer.com/image/private/t_w_120/prd/assets/widgets/players/8fff0be5941647158bce3fa7fc4a0cdd
Julia Grosso,https://images.nwslsoccer.com/image/private/t_w_120/prd/assets/widgets/players/920f2b3f71554778a0f38f3ada7405ad
Jenna Bike,https://images.nwslsoccer.com/image/private/t_w_120/prd/assets/widgets/players/badbf997458d485caabfecfba5bb76f1
Leilanni Nesbeth,https://images.nwslsoccer.com/image/private/t_w_120/prd/assets/widgets/players/bebc6af83c4342a38467774e2d6603ca
Emma Egizii,https://images.nwslsoccer.com/image/private/t_w_120/prd/assets/widgets/players/c1760c43c4464a9fa620e630b2e55842
Jameese Joseph,https://images.nwslsoccer.com/image/private/t_w_120/prd/assets/widgets/players/ca64614f15f447ffbad8df1731cf8af9
Mallory Swanson,https://images.nwslsoccer.com/image/private/t_w_120/prd/assets/widgets/players/d7d29fcbb1374eb4bda584df8d928547
Tessa Dellarose,https://images.nwslsoccer.com/image/private/t_w_120/prd/assets/widgets/players/f9e929bd0d8944df84529c5f31696413
Maitane López,https://images.nwslsoccer.com/image/private/t_w_120/prd/assets/widgets/players/fb71a19cd7524e63bdb58f0686fbd97e
Danielle Colaprico,https://images.nwslsoccer.com/image/private/t_w_120/prd/assets/widgets/players/0bb3c16212754939b111d70c83644b8e
Christen Westphal,https://images.nwslsoccer.com/image/private/t_w_120/prd/assets/widgets/players/0bc0d986844b458592417f6157d1aeb4
Lisa Boattin,https://images.nwslsoccer.com/image/private/t_w_120/prd/assets/widgets/players/10b990f3432f4383891922232cca020a
Makenzy Robbe,https://images.nwslsoccer.com/image/private/t_w_120/prd/assets/widgets/players/2c448e6ce8624c9c983fe177032cd791
Paige Nielsen,https://images.nwslsoccer.com/image/private/t_w_120/prd/assets/widgets/players/37c762eb698644fa88b9cb94cf4f0940
Sophie Schmidt,https://images.nwslsoccer.com/image/private/t_w_120/prd/assets/widgets/players/55c607b8f8ea48efa308facc28601331
Allysha Chapman,https://images.nwslsoccer.com/image/private/t_w_120/prd/assets/widgets/players/7b95e77ca5184ed39abbd7481af81fee
Kat Rader,https://images.nwslsoccer.com/image/private/t_w_120/prd/assets/widgets/players/7e125d671c06445880e000972f3ae412
Malia Berkely,https://images.nwslsoccer.com/image/private/t_w_120/prd/assets/widgets/players/907a57b1c41046b08063e94229484b5e
Sarah Puntigam,https://images.nwslsoccer.com/image/private/t_w_120/prd/assets/widgets/players/9e98c713a7154c928697e3cf043fec63
Jane Campbell,https://images.nwslsoccer.com/image/private/t_w_120/prd/assets/widgets/players/a508823d48c24d818a9b76c99106c143
Messiah Bright,https://images.nwslsoccer.com/image/private/t_w_120/prd/assets/widgets/players/b0fe6c1df4fc4afeabe923ab23915632
Caroline DeLisle,https://images.nwslsoccer.com/image/private/t_w_120/prd/assets/widgets/players/b4c1a9753def4e8b965ea004157befca
Kate Faasse,https://images.nwslsoccer.com/image/private/t_w_120/prd/assets/widgets/players/b7f052b3fd2b44e798841bb74f5af288
Rebeca Costa da Silva,https://images.nwslsoccer.com/image/private/t_w_120/prd/assets/widgets/players/fallbacklogo.svg
Cate Hardin,https://images.nwslsoccer.com/image/private/t_w_120/prd/assets/widgets/players/fallbacklogo.svg
Linda Ullmark,https://images.nwslsoccer.com/image/private/t_w_120/prd/assets/widgets/players/cfe14710edf54a02806026e010c8c0cf
Evelina Duljan,https://images.nwslsoccer.com/image/private/t_w_120/prd/assets/widgets/players/d23d7e4bff8f4282b946c478b857105c
Maggie Graham,https://images.nwslsoccer.com/image/private/t_w_120/prd/assets/widgets/players/d576555bc98d477a9c831e65e16f7626
Hillary Beall,https://images.nwslsoccer.com/image/private/t_w_120/prd/assets/widgets/players/d70a89d4bf9e47778923c4ab4ae9e679
Clarissa Laris­ey,https://images.nwslsoccer.com/image/private/t_w_120/prd/assets/widgets/players/dc3910a88592482d933542fb999e21fe
Leah Klenke,https://images.nwslsoccer.com/image/private/t_w_120/prd/assets/widgets/players/dd58c531924040d7b2a296847b8e2ef2
Kiki van Zanten,https://images.nwslsoccer.com/image/private/t_w_120/prd/assets/widgets/players/defa5ede49564c5c9b518c5c5281cf9a
Avery Patterson,https://images.nwslsoccer.com/image/private/t_w_120/prd/assets/widgets/players/e9488064a60149bebd3650cfc6bb8a5c
Claudia Martínez,https://images.nwslsoccer.com/image/private/t_w_120/prd/assets/widgets/players/fallbacklogo.svg
Leicy Santos,https://images.nwslsoccer.com/image/private/t_w_120/prd/assets/widgets/players/0ff461d4b7864e4387af66c2fdaa3710
Esme Morgan,https://images.nwslsoccer.com/image/private/t_w_120/prd/assets/widgets/players/18d7e7320d2949b083c7315e3831b1a1
Sandy MacIver,https://images.nwslsoccer.com/image/private/t_w_120/prd/assets/widgets/players/22284069e4754b6585ce7f4dda01592d
Tara Rudd,https://images.nwslsoccer.com/image/private/t_w_120/prd/assets/widgets/players/28fc705601404c39bf14420caeec6668
Casey Krueger,https://images.nwslsoccer.com/image/private/t_w_120/prd/assets/widgets/players/2e67f16c924649e9b5584a1a25552589
Tamara Paranaguá do Carmo,https://images.nwslsoccer.com/image/private/t_w_120/prd/assets/widgets/players/358364b65d834cf2b93e0e3e9162a38f
Sofia Cantore,https://images.nwslsoccer.com/image/private/t_w_120/prd/assets/widgets/players/3712c14ba05c4f4ba6bd42cae9406ec6
Gift Monday,https://images.nwslsoccer.com/image/private/t_w_120/prd/assets/widgets/players/3c58742afd5842708efeae28767d5d3c
Emma Gaines-Ramos,https://images.nwslsoccer.com/image/private/t_w_120/prd/assets/widgets/players/3c910418abe84f8db2c11156356d97d9
Hal Hershfelt,https://images.nwslsoccer.com/image/private/t_w_120/prd/assets/widgets/players/4b0092d3c4b148ce81259ba635ca7777
Rosemonde Kouassi,https://images.nwslsoccer.com/image/private/t_w_120/prd/assets/widgets/players/6f371e0118d64bd0a1fce9f4cf6d52d1
Trinity Rodman,https://images.nwslsoccer.com/image/private/t_w_120/prd/assets/widgets/players/738125313bdc48eda09c29b610520e26
Andi Sullivan,https://images.nwslsoccer.com/image/private/t_w_120/prd/assets/widgets/players/75a1f211b7f04ffebe4cdd67cd838239
Madison Haugen,https://images.nwslsoccer.com/image/private/t_w_120/prd/assets/widgets/players/79b28f8a367d46458b8d6f7daf771b53
Kate Wiesner,https://images.nwslsoccer.com/image/private/t_w_120/prd/assets/widgets/players/7e96efc5034f4e4abfafca1b06af33ab
Rebeca Bernal,https://images.nwslsoccer.com/image/private/t_w_120/prd/assets/widgets/players/8d41be19ea664cb5976221bb3592293d
Deborah Abiodun,https://images.nwslsoccer.com/image/private/t_w_120/prd/assets/widgets/players/91b542420acc43c6955b5f8a782b2adb
Molly Skurcenski,https://images.nwslsoccer.com/image/private/t_w_120/prd/assets/widgets/players/9ddbf15f0b1d4331b43666f04aede0bd
Aubrey Kingsbury,https://images.nwslsoccer.com/image/private/t_w_120/prd/assets/widgets/players/a86e9ba2f4c44ce789c593b2b5bf9bcb
Kaylie Collins,https://images.nwslsoccer.com/image/private/t_w_120/prd/assets/widgets/players/c281f4077abb41a6a90c9dd309f3fb20
Ashley Hatch,https://images.nwslsoccer.com/image/private/t_w_120/prd/assets/widgets/players/c413ab13b4b2411b8255f868ec263843
Paige Metayer,https://images.nwslsoccer.com/image/private/t_w_120/prd/assets/widgets/players/d07feb8cd7c94d03b741e2326515241f
Élisabeth Tsé,https://images.nwslsoccer.com/image/private/t_w_120/prd/assets/widgets/players/e13f13ced32c4de9bdbedf05c00e5ed5
Gabrielle Carle,https://images.nwslsoccer.com/image/private/t_w_120/prd/assets/widgets/players/ebadefdb2cd142aa92580387d5fde3b8
Lucia Di Guglielmo,https://images.nwslsoccer.com/image/private/t_w_120/prd/assets/widgets/players/f7648a59714e413fafca3d1acec0e69d
Ellie Bravo-Young,https://images.nwslsoccer.com/image/private/t_w_120/prd/assets/widgets/players/01429efe66554be8bc7f86ee0a9fa184
Izzy Rodriguez,https://images.nwslsoccer.com/image/private/t_w_120/prd/assets/widgets/players/04a1aad603eb46dd9c349c2ba91d2322
Amelia White,https://images.nwslsoccer.com/image/private/t_w_120/prd/assets/widgets/players/24d14aecb1aa4505a96c39f52a558e47
Gabrielle Robinson,https://images.nwslsoccer.com/image/private/t_w_120/prd/assets/widgets/players/27615fa77e0f4bc78e0365f58a4df924
Penelope Hocking,https://images.nwslsoccer.com/image/private/t_w_120/prd/assets/widgets/players/2b79fff663274280b57a60c00163ff51
Meila Brewer,https://images.nwslsoccer.com/image/private/t_w_120/prd/assets/widgets/players/3ca26686728a463fa1e1a40a4495a994
Bayley Feist,https://images.nwslsoccer.com/image/private/t_w_120/prd/assets/widgets/players/3f841e6b66d94cdead98ab215e6e844b
Rocky Rodríguez,https://images.nwslsoccer.com/image/private/t_w_120/prd/assets/widgets/players/53377155ab4b4c08b6ff7a3c66865fe3
Clare Gagne,https://images.nwslsoccer.com/image/private/t_w_120/prd/assets/widgets/players/60a64a63fbee40239bd02e30ababee62
Katie Cappelletti,https://images.nwslsoccer.com/image/private/t_w_120/prd/assets/widgets/players/674512a48d504c99be8523ea6cb6f7d3
Laney Rouse,https://images.nwslsoccer.com/image/private/t_w_120/prd/assets/widgets/players/6d6d4a5642834e01ac61867306e1e367
Michelle Cooper,https://images.nwslsoccer.com/image/private/t_w_120/prd/assets/widgets/players/6eb214e42ba44ea59f98afee41a268d0
Temwa Chawinga,https://images.nwslsoccer.com/image/private/t_w_120/prd/assets/widgets/players/6fb7c24fe454404c899f51d0a7ea2e84
Croix Bethune,https://images.nwslsoccer.com/image/private/t_w_120/prd/assets/widgets/players/71105581a0a143b18ac92760cc09c609
Lorena da Silva Leite,https://images.nwslsoccer.com/image/private/t_w_120/prd/assets/widgets/players/7d50dd7b6526453ea7be4ca492fdef5a
Elizabeth Ball,https://images.nwslsoccer.com/image/private/t_w_120/prd/assets/widgets/players/810db7679a9d4660929f485ed49e1988
Kayla Sharples,https://images.nwslsoccer.com/image/private/t_w_120/prd/assets/widgets/players/85023bcbe613492da8caaa35221257ed
Katie Scott,https://images.nwslsoccer.com/image/private/t_w_120/prd/assets/widgets/players/86e61d5213214742a5388b2df18ecbe1
Mary Long,https://images.nwslsoccer.com/image/private/t_w_120/prd/assets/widgets/players/8d16edc2033a4281990ebb8662af78b5
Kolo Suliafu,https://images.nwslsoccer.com/image/private/t_w_120/prd/assets/widgets/players/8e98714fbbb040eca395323bf0341abb
Alana Cook,https://images.nwslsoccer.com/image/private/t_w_120/prd/assets/widgets/players/9792e74df15347e7956b266647bfd2a6
Lo'eau LaBonta,https://images.nwslsoccer.com/image/private/t_w_120/prd/assets/widgets/players/9b7fd5c1259c48b1a87f1cc0c10f713c
Marisa Jordan,https://images.nwslsoccer.com/image/private/t_w_120/prd/assets/widgets/players/a1626364867445b3b33022e19cac46ff
Débora Cristiane de Oliveira,https://images.nwslsoccer.com/image/private/t_w_120/prd/assets/widgets/players/a74c35267e4b4a689431f9d3be7522c6
Ally Sentnor,https://images.nwslsoccer.com/image/private/t_w_120/prd/assets/widgets/players/aa3fb0629ef8427fbe4ec8242a5d8865
Kelsey Branson,https://images.nwslsoccer.com/image/private/t_w_120/prd/assets/widgets/players/fallbacklogo.svg
Gianna Paul,https://images.nwslsoccer.com/image/private/t_w_120/prd/assets/widgets/players/af41af05521443b5b718ca9cac9c7427
Kyra Carusa,https://images.nwslsoccer.com/image/private/t_w_120/prd/assets/widgets/players/afa88f0c0ec840f38096c040ebe83e08
Vanessa DiBernardo,https://images.nwslsoccer.com/image/private/t_w_120/prd/assets/widgets/players/cac9bfef965b49f9a20bbc0deb15ccfa
Haley Hopkins,https://images.nwslsoccer.com/image/private/t_w_120/prd/assets/widgets/players/f82ac82c607145468005f6b2e5da5b72
Cece Delzer,https://images.nwslsoccer.com/image/private/t_w_120/prd/assets/widgets/players/0fc6e8c0cd724c14b06c64c27c8331e6
Mandy McGlynn,https://images.nwslsoccer.com/image/private/t_w_120/prd/assets/widgets/players/10444fea4ff6483da41b77457cf2cbac
Courtney Brown,https://images.nwslsoccer.com/image/private/t_w_120/prd/assets/widgets/players/22f45241df0547e691e8ba6db03aaf7c
Mina Tanaka,https://images.nwslsoccer.com/image/private/t_w_120/prd/assets/widgets/players/3a45298a6ded492baa53c54797a41912
Brecken Mozingo,https://images.nwslsoccer.com/image/private/t_w_120/prd/assets/widgets/players/41a5277f439b4063aa41d7f902111d8a
Kaleigh Riehl,https://images.nwslsoccer.com/image/private/t_w_120/prd/assets/widgets/players/446bca9a37f94c40b40ff500f4dd6870
Kate Del Fava,https://images.nwslsoccer.com/image/private/t_w_120/prd/assets/widgets/players/6f8212aec8f14cdbbd061c7129d3dc20
DeAira Jackson,https://images.nwslsoccer.com/image/private/t_w_120/prd/assets/widgets/players/7a2bf11dc5f145d79c84fea37bec2854
Lara Prasnikar,https://images.nwslsoccer.com/image/private/t_w_120/prd/assets/widgets/players/7df864b150be44a58be51599cfd7dd80
Tatumn Milazzo,https://images.nwslsoccer.com/image/private/t_w_120/prd/assets/widgets/players/7fc702ff232644208fc4c5d6841f46d6
Mia Justus,https://images.nwslsoccer.com/image/private/t_w_120/prd/assets/widgets/players/87f8bf57a0ed4238a026b49f9c2b276d
Aria Nagai,https://images.nwslsoccer.com/image/private/t_w_120/prd/assets/widgets/players/8ced72b131844bca97a4728d075472a2
Narumi Miura,https://images.nwslsoccer.com/image/private/t_w_120/prd/assets/widgets/players/9088cd3919ae4facb366b7f4cf1ca493
Ana Tejada,https://images.nwslsoccer.com/image/private/t_w_120/prd/assets/widgets/players/96199c0cfb7245f6b6460174fb25883b
Miyabi Moriya,https://images.nwslsoccer.com/image/private/t_w_120/prd/assets/widgets/players/9aa0ae7f0bc648da9095a03174257a3c
Kameron Simmonds,https://images.nwslsoccer.com/image/private/t_w_120/prd/assets/widgets/players/9b57636e0405440fbad174a02ec2b1c1
Nuria Rábano,https://images.nwslsoccer.com/image/private/t_w_120/prd/assets/widgets/players/a5495110a1614676bdd04a42f6068041
Janni Thomsen,https://images.nwslsoccer.com/image/private/t_w_120/prd/assets/widgets/players/aca824486f9b4663bf4118794d4719c8
Kalea Eichenberger,https://images.nwslsoccer.com/image/private/t_w_120/prd/assets/widgets/players/fallbacklogo.svg
Madison Hammond,https://images.nwslsoccer.com/image/private/t_w_120/prd/assets/widgets/players/c75e5a65dfaf42b588cbdf8ef5069537
Dayana Pierre-Louis,https://images.nwslsoccer.com/image/private/t_w_120/prd/assets/widgets/players/fallbacklogo.svg
Kiana Palacios,https://images.nwslsoccer.com/image/private/t_w_120/prd/assets/widgets/players/fallbacklogo.svg
Cloé Lacasse,https://images.nwslsoccer.com/image/private/t_w_120/prd/assets/widgets/players/ea630eb197bb4762b4b8b4c1b7ef363c
Kherrington Ream,https://images.nwslsoccer.com/image/private/t_w_120/prd/assets/widgets/players/ee89f16715e14d0aa82ae3955b5a883a
Paige Cronin,https://images.nwslsoccer.com/image/private/t_w_120/prd/assets/widgets/players/f02a507bde074f68ac65cbd2ac77104b
Alex Loera,https://images.nwslsoccer.com/image/private/t_w_120/prd/assets/widgets/players/f69d180a0c6e459586b0a47e2d6536e9
Barbra Banda,https://images.nwslsoccer.com/image/private/t_w_120/prd/assets/widgets/players/0021a2896ee54ef191fb324dec97dd78
Rafaelle Leone Carvalho Souza,https://images.nwslsoccer.com/image/private/t_w_120/prd/assets/widgets/players/021370e22b6846a48f5e988c6f4c9478
Anna Moorhouse,https://images.nwslsoccer.com/image/private/t_w_120/prd/assets/widgets/players/15cbd2b4b39042eeb04d03affb712899
Solai Washington,https://images.nwslsoccer.com/image/private/t_w_120/prd/assets/widgets/players/1707398003674ec2a9b8855574cba470
Cosette Morché,https://images.nwslsoccer.com/image/private/t_w_120/prd/assets/widgets/players/2e46f0ae8d6e46119d927dd1244d079f
Kat Asman,https://images.nwslsoccer.com/image/private/t_w_120/prd/assets/widgets/players/3156af5df0ad44729614d33bf537a27e
Cara Martin,https://images.nwslsoccer.com/image/private/t_w_120/prd/assets/widgets/players/3888ed1a5f1741d69be6912edb3a2fae
Seven Castain,https://images.nwslsoccer.com/image/private/t_w_120/prd/assets/widgets/players/3aea231c3bf74863a3f57017205ba14a
Angelina Alonso Costantino,https://images.nwslsoccer.com/image/private/t_w_120/prd/assets/widgets/players/3fa6c6b9fff049ddb7e32f7ea04d33ca
Julie Doyle,https://images.nwslsoccer.com/image/private/t_w_120/prd/assets/widgets/players/4cb80ed654ff46e8916779187fb88553
Marta Marta,https://images.nwslsoccer.com/image/private/t_w_120/prd/assets/widgets/players/514d945291b44c78adaabb4dfbf7ba03
Haley McCutcheon,https://images.nwslsoccer.com/image/private/t_w_120/prd/assets/widgets/players/521bad7c3a2f49a185c968f9206da5b8
Kylie Nadaner,https://images.nwslsoccer.com/image/private/t_w_120/prd/assets/widgets/players/5fc1b3b61f604e8fb3ca8fe5a154cde9
Nicole Payne,https://images.nwslsoccer.com/image/private/t_w_120/prd/assets/widgets/players/65b00a37c89a4fbaba9fbfb76969a7df
Viviana Villacorta,https://images.nwslsoccer.com/image/private/t_w_120/prd/assets/widgets/players/808933e0efb240da834c2ee39cb5ede4
Reagan Raabe,https://images.nwslsoccer.com/image/private/t_w_120/prd/assets/widgets/players/fallbacklogo.svg
Oihane Hernández,https://images.nwslsoccer.com/image/private/t_w_120/prd/assets/widgets/players/909a06c8277b428f8e6acae7e1a62d39
Simone Jackson,https://images.nwslsoccer.com/image/private/t_w_120/prd/assets/widgets/players/9a6e94e5fb19478f9dbc33f702d2d891
Kerry Abello,https://images.nwslsoccer.com/image/private/t_w_120/prd/assets/widgets/players/a79161648fb0412187766de7176ab440
Ally Lemos,https://images.nwslsoccer.com/image/private/t_w_120/prd/assets/widgets/players/ac29e17a8bff414e8ede153e5067e250
Jacqueline Ovalle,https://images.nwslsoccer.com/image/private/t_w_120/prd/assets/widgets/players/c390f57b0fe54464b1c2efec9aeee043
Hailie Mace,https://images.nwslsoccer.com/image/private/t_w_120/prd/assets/widgets/players/c7c35bca896849439784a5cdee73a0b1
Zara Chavoshi,https://images.nwslsoccer.com/image/private/t_w_120/prd/assets/widgets/players/e0083709d64e4f7aa5329c7b17fc6687
Luana Bertolucci Paixão,https://images.nwslsoccer.com/image/private/t_w_120/prd/assets/widgets/players/e217f693d9c1472c9ca602ef93c69386
Cori Dyke,https://images.nwslsoccer.com/image/private/t_w_120/prd/assets/widgets/players/e51fe8ea427c4f39894fce94ed9fadcd
Hannah Anderson,https://images.nwslsoccer.com/image/private/t_w_120/prd/assets/widgets/players/ebfc177248a54a0e972527b41871071e
Summer Yates,https://images.nwslsoccer.com/image/private/t_w_120/prd/assets/widgets/players/f225dce81f0f4e28ae0ba7e09bb1e601
McKinley Crone,https://images.nwslsoccer.com/image/private/t_w_120/prd/assets/widgets/players/f3c52a160fb64cba878971b93e178183
Samantha Meza,https://images.nwslsoccer.com/image/private/t_w_120/prd/assets/widgets/players/137ddc3c3af240c994cfb14956f39872
Ryanne Brown,https://images.nwslsoccer.com/image/private/t_w_120/prd/assets/widgets/players/3bc373314f634a4aad24e6ecb5847dde
Ruby Hladek,https://images.nwslsoccer.com/image/private/t_w_120/prd/assets/widgets/players/fallbacklogo.svg
Cassie Miller,https://images.nwslsoccer.com/image/private/t_w_120/prd/assets/widgets/players/3d7fa6dd511f4628bc8d8784ab7574fd
Shae Holmes,https://images.nwslsoccer.com/image/private/t_w_120/prd/assets/widgets/players/443cefb274fa4bf8858e26051786d10e
Keeley Dockter,https://images.nwslsoccer.com/image/private/t_w_120/prd/assets/widgets/players/fallbacklogo.svg
Phoebe McClernon,https://images.nwslsoccer.com/image/private/t_w_120/prd/assets/widgets/players/47a580b9d9a64b508d4edde164580fb4
Sofia Huerta,https://images.nwslsoccer.com/image/private/t_w_120/prd/assets/widgets/players/4bd84fd5cceb4538a556a4b9eb250841
Maddie Mercado,https://images.nwslsoccer.com/image/private/t_w_120/prd/assets/widgets/players/4d0fda5a57784bf59bcc4e1caa463716
Holly Ward,https://images.nwslsoccer.com/image/private/t_w_120/prd/assets/widgets/players/fallbacklogo.svg
Jess Fishlock,https://images.nwslsoccer.com/image/private/t_w_120/prd/assets/widgets/players/5d76f50c58f34b00a7bd574b12c70c94
Evan O'Steen,https://images.nwslsoccer.com/image/private/t_w_120/prd/assets/widgets/players/fallbacklogo.svg
Sally Menti,https://images.nwslsoccer.com/image/private/t_w_120/prd/assets/widgets/players/72c994fd6bc3415a818f19aed4abf9a6
Madison Curry,https://images.nwslsoccer.com/image/private/t_w_120/prd/assets/widgets/players/8d06de6ab11f478e863e0180023cd152
Brittany Ratcliffe,https://images.nwslsoccer.com/image/private/t_w_120/prd/assets/widgets/players/94de57f74c554630b9abe7bc1bd588f9
Nérilia Mondésir,https://images.nwslsoccer.com/image/private/t_w_120/prd/assets/widgets/players/996bf315d3dc4e479053da3ea31925ff
Emily Mason,https://images.nwslsoccer.com/image/private/t_w_120/prd/assets/widgets/players/a439341551034a09972c0d4efd10ccc0
Emeri Adames,https://images.nwslsoccer.com/image/private/t_w_120/prd/assets/widgets/players/aaf2552ae4c54dcfa1ec352db94d8b0f
Mia Fishel,https://images.nwslsoccer.com/image/private/t_w_120/prd/assets/widgets/players/b5447fcc30e6483b9b81e2d3cd9e3749
Jordyn Bugg,https://images.nwslsoccer.com/image/private/t_w_120/prd/assets/widgets/players/b8fb5ce847ca49b2a581724e284dfd10
Ainsley McCammon,https://images.nwslsoccer.com/image/private/t_w_120/prd/assets/widgets/players/c29a2b0fb20147b1a49d5e9dc55afdf1
Sofía Cedeño,https://images.nwslsoccer.com/image/private/t_w_120/prd/assets/widgets/players/c65f53172a64441da1827a457a29c250
Maddie Dahlien,https://images.nwslsoccer.com/image/private/t_w_120/prd/assets/widgets/players/d48ecbd1e5b54125a1199c9f748fa1d3
Neeku Purcell,https://images.nwslsoccer.com/image/private/t_w_120/prd/assets/widgets/players/db70ea2c9700442ba12c8efb0965e90c
Claudia Dickey,https://images.nwslsoccer.com/image/private/t_w_120/prd/assets/widgets/players/e58cc03e05a54a28bf3133ec9c1a3632
Lynn Biyendolo,https://images.nwslsoccer.com/image/private/t_w_120/prd/assets/widgets/players/f3e1a521ef4f4f24bd0ee3fb985ec265
Angharad James-Turner,https://images.nwslsoccer.com/image/private/t_w_120/prd/assets/widgets/players/fc2865906ac34d6abfa98c9a8dc14f52
Jordan Fusco,https://images.nwslsoccer.com/image/private/t_w_120/prd/assets/widgets/players/1268d947a78745e2b8b6781630220406
Trinity Armstrong,https://images.nwslsoccer.com/image/private/t_w_120/prd/assets/widgets/players/332d7efe4fb24703b248508fd29b4575
Nya Harrison,https://images.nwslsoccer.com/image/private/t_w_120/prd/assets/widgets/players/3f078157c6f841eabb9c5fa16ca7e4ef
Kennedy Wesley,https://images.nwslsoccer.com/image/private/t_w_120/prd/assets/widgets/players/444e4e5d84d248e2841030cc724d2ffc
Maria Eduarda Rodrigues Silva,https://images.nwslsoccer.com/image/private/t_w_120/prd/assets/widgets/players/52f13396556b4dad93f22030d00cbf8b
Tatum Wynalda,https://images.nwslsoccer.com/image/private/t_w_120/prd/assets/widgets/players/fallbacklogo.svg
Kiki Pickett,https://images.nwslsoccer.com/image/private/t_w_120/prd/assets/widgets/players/75a5b73882ba47c29448e3a36c691717
Laurina Fazer,https://images.nwslsoccer.com/image/private/t_w_120/prd/assets/widgets/players/78cf15f1649f4f158f04d3037cc2750f
Daniela Arias,https://images.nwslsoccer.com/image/private/t_w_120/prd/assets/widgets/players/9c24fd239ed34bfa8d4c706539805ad7
Melanie Barcenas,https://images.nwslsoccer.com/image/private/t_w_120/prd/assets/widgets/players/ad9acd5fa5cf475a87d9a92b99e682fd
Gia Corley,https://images.nwslsoccer.com/image/private/t_w_120/prd/assets/widgets/players/b9e251d77c634898bc99e50cd03a3134
Perle Morroni,https://images.nwslsoccer.com/image/private/t_w_120/prd/assets/widgets/players/bbee9da0fc744ebcabc586c3232bf4be
Trinity Byars,https://images.nwslsoccer.com/image/private/t_w_120/prd/assets/widgets/players/c01844d3ed704fa0b1f0b75cfbf02f07
Kenza Dali,https://images.nwslsoccer.com/image/private/t_w_120/prd/assets/widgets/players/c143615f95aa493689aa185f5c465932
Leah Freeman,https://images.nwslsoccer.com/image/private/t_w_120/prd/assets/widgets/players/c89b3d151ee84bdba11f4918c1be931a
Kristen McNabb,https://images.nwslsoccer.com/image/private/t_w_120/prd/assets/widgets/players/cafe0fb40c194bfd95bebea739443cd7
Luisa Agudelo,https://images.nwslsoccer.com/image/private/t_w_120/prd/assets/widgets/players/fallbacklogo.svg
Ludmila da Silva,https://images.nwslsoccer.com/image/private/t_w_120/prd/assets/widgets/players/e0e778409f6442b7b1f2e2d55a5a8565
Gabrielle Jordão Portilho,https://images.nwslsoccer.com/image/private/t_w_120/prd/assets/widgets/players/e3732803fbc74097b03f22501baf27d7
Kimmi Ascanio,https://images.nwslsoccer.com/image/private/t_w_120/prd/assets/widgets/players/e8b4386d7df847f6a328dea38ddc55ce
Amelia Donna Van Zanten,https://images.nwslsoccer.com/image/private/t_w_120/prd/assets/widgets/players/fallbacklogo.svg
DiDi Haracic,https://images.nwslsoccer.com/image/private/t_w_120/prd/assets/widgets/players/ecf8d72c11704bb49de0461fa77d8cae
Adriana Leon,https://images.nwslsoccer.com/image/private/t_w_120/prd/assets/widgets/players/f707ff55f8104c069f1cae572925ef4a
Lia Godfrey,https://images.nwslsoccer.com/image/private/t_w_120/prd/assets/widgets/players/fallbacklogo.svg
NWSL,https://cdn.cookielaw.org/logos/static/ot_company_logo.png
Powered by Onetrust,https://cdn.cookielaw.org/logos/static/powered_by_logo.svg
